{
    "loss": 3.9786336421966553,
    "accuracy": 0.6906474828720093
}