{
    "loss": 6.856539726257324,
    "accuracy": 0.5179855823516846
}